"","Res.Df","RSS","Df","Sum of Sq","F","Pr(>F)"
"1",255676,235524.305107633,NA,NA,NA,NA
"2",255675,235520.860161275,1,3.44494635795127,3.73973948407824,0.0531338309749259
