"","Res.Df","RSS","Df","Sum of Sq","F","Pr(>F)"
"1",255651,199683.496088395,NA,NA,NA,NA
"2",255650,196351.81616842,1,3331.67991997459,4337.84615880976,0
